"item1","item2","item3","item4","item5","item6","item7","item8"
-0.142519349996721,-0.306055417508475,-0.407499113005071,-0.55286603510858,0.70479618562777,1.10748565644904,0.206538405699597,-1.4597098676525
-0.207529657962027,-0.455951235955275,0.213748982408239,0.162836372418681,-0.0856694738743677,-0.73357571609288,-0.688611888521268,-0.898216664160052
0.519461882871984,1.28386332359227,1.59093128666067,1.03151075566281,1.34881591246729,1.95703286154094,1.50566497755518,1.05563698755551
-0.685047869284129,-1.90241600703594,-1.01350852220659,-0.557189587805853,0.51208766001615,-1.16004493782295,0.428698143162577,-0.977707452010906
0.790810248063909,1.04721773790853,2.01145635403802,0.994077920190028,1.8882777679018,1.95941832750457,1.1843756523007,1.91815240781134
0.480454322685512,0.449630917199636,-1.74546946055305,0.318386738434973,0.901354226404178,-0.496548677920946,0.251296801404407,-0.889287712894421
1.71592711480214,0.832913960720077,0.950652741377319,-0.0895277219828794,-0.460659880877039,0.954964181802635,0.36070030869588,-0.0217473696131978
1.5096262477875,1.60906984503061,2.56474140051222,2.20861012398619,1.83237051071182,2.07657219243527,1.6642506540957,1.04471466377261
-1.78983386795406,-0.541962096349845,-0.363511687429393,-0.742821335111134,-0.850173857479936,-1.60314980836573,-0.474644520443666,-0.979729857511151
-0.271535008084163,-0.55765148496285,0.578114880502787,-0.785195438234341,-0.74597517681874,-0.00357778400319475,-0.0307307554381383,-0.364198815207544
1.31507986737033,0.288470372523609,-0.526591895421119,-0.164625589232869,-0.635477452342897,-0.121162728130597,0.00185692991950463,0.277790828139067
1.78393344410835,-0.391318598680516,0.614377923390311,1.06801804888981,0.818617025882688,-0.427490616548685,1.38747110696524,0.825324900198971
-1.30816067946797,-0.988467837732199,0.730110810825506,0.681927081993246,-0.453253964252768,0.249017468558073,-0.724039556750055,-1.68348926749866
-2.28306541529907,-3.12029149193135,-2.63343935808367,-1.00372081084479,-2.02741321224522,-3.47972166724334,-1.37710026950258,-0.633402953254764
-0.919977175126125,-1.85360740523895,-0.617929329590717,-1.58243579408453,-1.32418359989529,-0.434561175362013,-1.60139867440384,-0.187767011773009
0.998156030890978,0.902470143487884,-0.368757984638371,0.846871199740188,1.73891243336257,1.76885470453851,0.441474963526616,0.0785717523635296
0.773121981938318,0.660750079064904,-0.583866531443547,0.0720144034035895,1.27863768772495,-0.353337097201967,-0.269882612034171,-1.75336262072938
-1.59056091239095,-1.41750812949062,1.0819837009998,-1.50541671183138,-0.67822036977062,-1.49441875762366,-1.54492201075761,-2.34182180326057
0.249601418252285,0.710965499638708,0.313139957537281,-0.793144092446578,1.3251748056741,0.149213863584551,0.335638365903389,-1.70236659653195
1.0825600073836,2.16336506931752,0.637985654382629,1.46913043842173,1.75853214037489,0.430038508422166,1.16034752849686,0.916170633992861
3.51057219611,1.17384763015975,1.90350022161609,1.87990899210348,1.5530661973004,1.09527749226403,0.0969927271906197,1.5577479440304
0.248946551889903,-0.0937165019418458,-0.449775563035903,0.512832596044072,-0.114823256184694,-0.108774752003264,0.831932852387878,1.00758310934561
-0.96255125039519,-0.728491400625278,0.353210595133861,0.911229822279256,1.21478708951391,-0.240162198617555,-1.66351096294794,0.133227865301654
-1.74750970561128,-0.916461886099244,-1.31220345790212,-0.345860494880689,-1.95175485571604,0.135037932148276,-0.795131677521861,-0.175764245689846
0.590546184600751,-0.314785762063715,-1.63918948338703,0.867531761328734,0.365118209942397,0.0482097485758236,-0.187142132316107,-0.219928884162728
-1.69829761990533,-1.14082182058547,0.00789914371574874,-0.503590076855517,-0.304433995710167,-1.08053026756893,0.279430601021359,-1.18131344097478
-0.788831570234004,0.536078514984879,-0.147694789371448,0.280725603551757,-1.37267235264068,-0.556422955871868,0.603355494661334,0.471086405956872
-0.163860118969608,0.607264948215245,-0.0519385701339286,0.254529908206035,0.234354308662616,0.0348385167517739,1.46816488022254,0.664619422332577
0.581511472211171,0.97251882035039,0.609484323371505,0.258042417845123,0.966862702969318,-0.0569096690644707,0.622882995444001,-1.18512821898558
0.312207382014797,-0.432354998458713,0.731302801514931,-0.714572171751096,-2.46248032577187,0.314243336107765,-2.12283054476512,0.460124083039125
0.217588603300269,0.0643584870958691,0.535273359933961,0.78489638483611,0.615074958210861,0.518157284278478,0.203285880528413,-0.242959880865213
-1.22699394326837,-1.42248964594961,-0.32369004592749,-1.03145302994208,-1.39501595267396,-1.20492098975903,-1.16451273354119,-1.02218735003939
-0.648391104434796,0.398832225813652,0.0502407550159342,-1.38631400023502,-0.223870786037179,-0.493432380237845,0.278150065616644,-1.27704685976561
-1.10514324475868,-0.675836487732252,-0.416159365410078,0.156034346654611,-0.0715491533578575,-1.24295519890435,-1.42546911417811,0.075635668517124
-1.00787586228303,-2.70902752312284,-0.870450503791933,-0.95329030622251,-0.644704874314096,0.191881377492544,-1.92524392686082,-1.61656699747129
-0.665728886577288,-0.499108300480592,-0.0909329667259889,1.00947424560633,-1.19081727402811,0.6343049689673,-0.289035133259611,-1.17640068350535
0.0150165731936568,-0.52703841058203,-0.891791768195057,-0.656211090143709,0.172762230706945,0.727102507316238,1.19137721951241,0.354564547429538
-0.499669615040553,-0.844026190189412,0.0702099492522553,-0.544174783304929,-0.706643340217046,-0.108227703706322,-1.38466721260258,-1.58164735702934
0.923801897945895,-0.195174154667309,-1.40183426510085,0.296652271824311,0.546759426472764,0.617343131727204,1.28050009971846,0.249637494629591
0.454018537218846,-2.20716694096152,-1.22498306927058,-0.843259205654616,-0.596423835004803,0.0353800402145081,0.277803229793445,-0.376384561464665
-0.734591787946463,-0.651045581486609,-0.849850129297483,-1.39909308635535,-1.7958550519547,-0.569271913863986,-1.06546734683081,1.53392392747852
1.20974404389437,0.750199116663538,0.123279344574189,-0.0467221918267335,-1.00369404620037,0.873127124715176,0.904664346042598,0.663830540532506
-0.145607160310922,-0.790266877100563,-0.816019737412921,-1.25075773817867,0.967675103895134,-0.867700976512049,-0.230796708436998,-1.50987896891206
0.723232020185867,0.676097301070735,1.64719423088374,0.709001232330346,0.0446544263765963,1.90692924463534,0.546099629119887,1.09713026195643
-0.282541690021869,-0.844120446568295,-1.1196014210163,-0.543158113578684,-0.100387453375178,-1.39531771374969,-0.792649752534244,-0.316256038887158
1.37833090308097,0.761102201667324,-1.734057053183,0.619445659593972,-0.345876871743212,1.80855876143532,-0.928817615338136,0.539880063149379
-0.738414832023633,0.392924339078976,0.821095330696299,0.642354080801146,1.31061757420443,0.149064737111241,1.32798853250073,-1.18568581175288
-0.401573069181307,-0.3490095040127,-0.422651366531219,0.0473122405842014,-1.81774780631584,-0.357651525914512,0.33352345539944,0.990739138363227
1.12111664465583,1.23385711887177,0.83520477270388,0.649954836422818,0.450202410943271,0.989340051637848,2.01636677211215,1.32122730644315
1.05321380088524,0.888662913190076,0.0595792108321247,0.509802915688812,-0.434194800674904,-0.2149337616084,0.452373976113932,0.0307244101565525
0.544103638857207,0.339304469678332,-1.31460168890545,1.61445344559159,0.0984341057186744,-0.293337637799671,-0.338422859854767,-1.6575042030044
0.404632436152258,0.564617809476807,-0.610080876383428,-0.0987757431710083,-0.162552156433051,1.32625604088368,-0.946474270823447,0.484248833124359
1.47048936648423,0.840274999959682,0.809177104028878,0.999352759472118,2.19099430014931,2.01126288689704,0.0917092429521884,-0.808273237392115
-0.895525901295294,1.10781480889085,0.0678769097985645,-0.39529928972499,0.0590458254259589,-0.73893413144936,-0.564177965538888,-0.946226494468519
-1.74181306970212,-2.99671040844555,-2.90339845723429,-1.53650670030907,-1.11211070034017,-1.69444371527917,-3.10421123623127,-1.1611491389298
-0.778657996146002,1.1642927392996,0.651670080921957,0.574775837592657,0.789415590997446,-0.219100322338679,0.419033282054591,0.772151187916397
0.0874139735655052,-0.495527702465489,0.422160586194827,-0.883346591042266,0.240326861155579,-0.17261778314029,-0.592279271937948,-0.516930151159261
0.200162057746675,0.104115260933806,-0.000594220151621749,0.817867930907439,0.500430570241842,0.384606208770514,0.44276082896516,-1.28217158670988
1.06252201252322,0.505101176990229,0.327576644938178,1.18157366522843,0.600446023788668,-0.00920648002114732,-0.117671724482525,-1.66594981612086
1.13387497867707,0.813510803961763,1.96202759349914,1.63337385800373,0.454753787552428,1.13475921520826,2.43715045040522,-0.42170906186488
-1.55567571507068,-2.16264425684993,-0.106090826299323,-2.37846495938566,-0.75113734395156,0.782484496699296,1.26721454716195,-0.979316147448958
-0.261496109804555,0.822057438598161,1.75170177663123,1.07105268474931,1.24036115322588,0.0380112205731492,1.97840774385127,-0.115362896004473
0.602339099901283,0.288177279666245,0.16022216942658,1.2583935253155,-1.55347084264615,-0.0801509241702436,0.172709178758293,0.451901094867759
0.757841197462662,-0.273797949524584,1.80741486023576,0.664497645448857,-0.619316337442238,0.905369967252022,1.19721205707197,-0.127913420479235
0.351798687945131,1.06257194605593,0.478065274972767,0.253782140763924,0.334273934520783,0.885685869243734,-0.309500191921284,0.895299246214236
0.361482240866223,0.190169899254158,1.16608725645103,0.437827002719086,-0.846925300973448,0.523726610753162,-0.404753312316752,1.39539638785563
-1.23260240380685,0.0891338201430882,-0.890520163558721,-2.36000468249688,-0.640502798137999,-0.422295623595108,-1.06162958749233,-0.938682066160515
-0.169384781719781,0.0949311030385637,-0.925665259280472,-0.821590379343041,0.276612995724096,-0.183388625154252,1.10650886002943,-1.18727147121045
-0.106307094884203,-0.00545421084932463,1.17700894295157,0.409299184729455,1.06994302841317,0.552295166432128,0.294758934776098,-0.660145397910661
-1.99298967563086,-0.640090417959925,1.30212607485318,-0.160981452184649,0.143015384846779,-0.67711994378312,-0.0475624218277323,0.124696980872376
-0.559318081111102,-0.263186732966198,-0.582111741796978,-0.266145586372342,0.0330013648061806,0.3359682481605,-0.425686116754843,-1.60371023134548
1.11123668397456,1.02329149819866,1.53077037156099,0.860083834471358,0.796252057997502,0.91743862116073,0.178503477943615,1.66208073451799
1.78259316824388,0.502094182263821,0.258034246094683,-0.108213392417694,0.705003243879744,0.489304263431888,0.691912327782187,0.650058444411829
0.360809809318928,-0.907334984981588,1.02011673813695,1.33162566492449,0.34579509783906,1.29551199033909,0.24266773196053,1.05682097058319
-0.73701764418064,-1.50338219442799,-1.32059099083649,0.125027689620269,-1.19637413933123,-0.452188058596297,0.369099824893024,-1.09954441176493
-0.242490249140179,-1.39431189145103,-0.420906944846322,-0.415021384446114,0.845378902490641,-0.284153463253346,-1.70806566282583,-1.13370793617294
1.20539500276135,1.44776019050085,0.267316748491406,1.01866320176974,0.47586231254618,1.16399291908234,1.1663023404121,1.19312352350386
-0.0753912208150934,0.0236228742931061,-0.944684708814053,0.763944322751703,1.40302666913485,-0.293278562723362,0.168304077990158,-0.0198240117322382
-1.03060086082535,-0.314515320866215,0.58266040223596,-0.344502569146022,0.738582768551088,0.612183007611054,-0.0298954127747394,0.542617518574842
-0.893098218394406,-0.621965970536107,1.23367235284262,-0.672312012484597,1.38452823330474,-1.47639782528646,-0.531021675203903,-0.223556162220126
-0.667889127826437,-0.836953624723098,-1.3387139281303,-2.37097462307017,-0.29930927357495,-1.51440382853298,-0.363896693494101,-0.799432942150295
-0.449487007308354,-0.0535706582087155,-0.357782242860522,0.586488930455699,0.120946486888538,0.875159788714903,-0.582203335041191,1.81191388612443
0.495139288073355,-0.418065869367658,-0.996402684944353,-1.69461271104754,-0.373821948484181,0.794020459703738,0.366011373192639,0.296478217852028
-0.993347177488134,-0.729656166945171,-0.478355612919487,-0.153028460856803,-1.1081487743027,-1.2575454126772,-1.64921240128669,-2.05663575755521
0.600360949293182,-0.13773667148522,1.08625059250447,0.991553758238891,1.39496649925094,1.50487860534942,1.74915608696475,1.10786699445828
0.634937625692335,1.23830147461659,1.05863691552766,1.13864839436934,0.602438635830283,-0.468447450088124,1.07897964129572,-0.130039310688147
1.06999646132398,0.264798874725594,1.17454140068688,1.7197539868956,0.922396102524376,0.462631026438014,1.03938710084246,0.784790155190181
-0.272640260902872,-0.326352457797419,0.336626227486779,0.0508419525470169,-0.274402511238253,-1.31600291964028,-2.02579769919359,0.881473972739998
0.882302279381517,0.153239430974898,0.00101104487991299,-0.0822015760595373,-0.00672391038902781,0.28895727219276,0.409242492111879,1.77459771104181
0.997486418431323,0.425754911728176,0.675002186467694,1.63217683905205,0.657928473659518,0.949290599714802,0.491306119931376,-0.911917770203085
-1.01747617255349,-0.705752747215029,-0.0979960672188006,-0.790215694313266,-0.208946437076418,-0.417259965908292,0.00833280694173311,-1.88375233824225
-0.565203423807356,-0.439407720161068,-0.732485746914714,-1.88003458714026,0.349562915162192,-0.883321939014297,-1.75197131394309,-0.0968484371733308
-1.15080722447556,-0.0943970261925151,-1.44234324490064,-0.922768155306464,-0.741697527979844,-0.756952074746922,-1.93379019002633,-1.15272251644184
-0.157439834162594,-0.936761850405666,-1.97135130160465,-2.2744947621247,-0.833511024527732,-0.728072272796951,-1.20773883021232,-1.18913513802606
-1.3110541243911,-0.0239797173041416,2.23304983285263,-0.63793352635232,0.222987739070567,-0.68172863292179,0.0194362459379984,1.07765095419779
1.15559823832912,2.13515609471809,-0.994817793100714,0.0790659820031558,0.588541478817514,-0.101044744904663,0.0362057633737448,-0.0353670472815197
0.772876281842932,0.532078164053938,0.727334749766596,0.510885569404211,0.657252119449165,1.828218868559,0.738121148465247,-0.33303159386923
1.07627786743163,0.189713526844318,2.17967637301003,1.3967044204335,1.13625121593709,-1.54453506470675,0.570961674717163,0.31186444014501
-0.152092663167963,-1.11774213651961,0.0910184585076264,-0.794864014912791,-0.185590928055758,0.0638205018446026,-1.08754141967812,0.105728538042876
1.96015982182177,1.3749506460135,0.932708703397368,0.764001325915052,1.42793102793432,2.01242496043013,0.864806679581497,1.20107868540548
-0.934253154189136,-0.145936618246248,0.0415997332059213,-0.919382822572817,-0.0634716486795062,0.582748022969099,-0.589376110824436,0.274239520406416
1.07121527799858,0.342063585954442,1.50838826874573,-0.301994998429588,-0.33731020256289,-0.233984747323424,0.747718962382797,-1.43150018139
-1.35378045498374,-0.395861962399772,-0.0936959713622743,-0.191645323169969,-0.153396529539203,0.35730191932725,0.986731436218189,-0.130304094320561
0.451786756587793,-0.630388989651506,-0.532880822004222,0.265821208751151,0.363506494073614,0.0824273625209429,0.617815397008088,0.516155451703263
-0.177918455418616,0.850879825526638,1.28690226491281,-0.137819396157832,0.0529833042124094,-0.358266984121049,0.167345337006011,1.26114833774199
-1.12072844422935,0.665185083137526,1.58448922710757,-0.135601254665788,-0.00698598641107219,0.495535578443818,-0.746880729152564,-2.23767335926255
-1.19983079148789,-0.471886784943064,-0.812608551512914,0.324388167412742,-0.352841697723822,0.26315967999991,0.612054478361675,-0.672016830365358
0.238807383259261,0.513227563660784,0.645812259502405,-0.494937162233749,0.488496508960164,-0.222845196159815,1.09099576134383,0.738296841839576
1.03076683440826,-0.0981609375874136,-0.179561947962717,-0.470087511022648,-0.152265726984737,-0.665682361634033,-0.477926261149687,0.178626446492703
-0.217536789398886,0.258757599013177,0.273236430275234,-0.472198290484958,1.57848962051332,-0.53137283983019,-0.495307611023097,0.0271615104958622
-0.571039073958315,-1.20409704753823,-0.546292078939795,-1.75127591762799,-1.24737446291745,-0.710643991513908,-0.336060423440778,-2.24808031573186
0.234484882273994,-1.01110634835961,-0.240611438102378,-0.723483184666969,-0.184286161304787,-0.290233432819726,-0.147049006674841,-0.478120488844166
-0.811156971895663,0.100619974119923,0.0548377955914496,-0.587674832075319,-1.08363348748756,-1.35704420337397,1.20411771979967,-2.0957059775909
2.69597614554898,1.65551387485822,0.601837764024638,1.43987443141603,2.51163562993324,2.00468342172869,1.91227442918675,1.47616996337737
-0.831586732963452,-0.734802111293367,-1.93616228927486,-1.08356633741191,-1.16492297411421,-1.17025983248745,-2.10156372440691,-1.57135725000557
0.237000993997253,1.15209667599084,0.664523856062645,-0.742401944899429,0.19111776028263,0.664415732321665,0.832079076927866,-1.13725725254721
-0.523376278887195,-2.05258883288126,-0.805302731837615,-0.870131437040373,-0.352416817903163,-1.89203636629454,-0.826090148912452,-0.664711644086583
-0.665895048700798,-0.173368433627558,-0.968108602675394,-1.41238055201851,0.0823114975177583,-2.40516075245378,-1.24439140013632,0.740800111253538
-0.299824785735044,0.942291342121365,-1.28525920262794,0.622646696046468,-0.0921502914988459,-0.29402811528555,-0.780298186475189,-1.26577323839815
-0.521802672881334,-1.10860382571087,-1.04540855687013,-0.464235503905629,-0.947448363426691,-1.13449136395548,-0.111185343025785,-1.2738315636977
-0.565837232468167,-0.158312789621136,0.154700170834179,-0.340610928770066,0.148765200497586,0.509357621742625,0.409357771451381,-0.165716646947523
0.067422619292063,-0.762750665893912,-0.645020423101123,-0.551024014744471,0.575770113859946,-1.69222051754372,-0.120608281892971,-0.826014495653517
-0.749001784495356,-0.835477588236839,-0.293639887597249,-0.0560496200214202,-0.34089708652271,-1.20915555636309,0.633912833443759,-1.20979255200333
-1.28195186377577,-1.21961279310822,-0.874210533980124,-1.02957067543038,-1.26358167945102,-1.42277319490249,-2.19692023626502,-0.580875365961829
-0.715683214271962,-1.51796824131701,-0.828943706461408,-0.601720275893562,-0.280705868526677,-1.35899466637736,-0.739694865550535,-1.50931327853071
-0.0320342941960963,0.0213866259331811,0.451700558635771,0.351944374883126,0.658036879639507,-0.026672804620258,-0.0430735346203197,-0.0391149753824893
0.734093419326812,0.35353123597837,0.135550304285587,-0.754719873823528,1.17702506811186,-0.532507378617889,0.766384593725927,1.13136590284593
-0.0183411542390952,-0.445295456505011,-0.546749400797978,-0.290140967488478,-1.75007497390747,-0.945503245181233,-0.0485203377815689,0.0381902952753954
-0.145902528439746,0.113340393616518,-0.20589743322526,-0.939457502180592,-0.852953448766334,-0.694202741403205,-0.0811117377384997,-1.35097985569092
1.61122622171755,1.87397975295972,1.17560635320914,0.891561685842915,-0.0741081064905507,-0.580303487675498,-0.228366467341436,1.70994322990586
1.99617109654192,0.842902446269564,1.50894000150638,0.640897366149111,1.26908650753926,1.23334678285926,1.0708102551959,1.23194367877272
-1.26845632920704,-1.3532858301392,1.2499963809872,-0.891774662460461,-1.73855973636479,-1.12791461532741,0.234765540770811,-0.408784989866826
-0.582656026660441,0.403043675381699,-0.865628121404006,-0.869598427614539,-0.246163472968923,-0.496663412622127,-1.44594170650881,-0.172754705621371
1.25537828817666,1.17607598298552,0.130546585992538,0.791209139000158,1.13740130502232,1.62511692973525,0.493054857239833,-0.0785729387448985
-0.941580780350819,-0.219695656484367,0.246847536015992,0.654614627277958,1.07486299095501,0.196128890255143,0.00974676907397304,-0.94854064364405
-0.324960351026531,0.328014759730083,1.29646674486143,1.1697158027055,-0.210206552264893,-0.558131017235842,-0.795450759269703,-0.83117500896702
0.441286380867214,-0.948838016293144,0.943661566914301,-1.71302616019712,-0.0747594101855528,0.607928480274401,-0.773075897665903,-1.21796093964297
-1.05026309299109,-0.0294880386854027,-0.899080035981813,-1.76084389018527,-0.444744071112826,-0.868200253428607,-1.34129578548065,-0.0316470301197797
-1.56420091140172,-0.0639365595048496,-0.810170179822752,-1.27432837653966,-0.737433065101722,-0.617183323456832,-0.862940517523835,-1.38463417522283
0.397520289176329,0.57097849710235,1.35755743148295,-0.867500191666732,-2.32853726455399,0.106357315976411,0.227933407476726,0.335796211359352
-1.334356632445,-0.696983403049872,1.00790056540266,1.06719078066436,0.803615016445751,-0.16529390346227,1.08657319299814,-0.939068954519349
0.00527141564829725,-0.280375182786355,0.826126747013925,1.50678514800663,0.523184155466184,0.648882201340306,1.18657954471811,1.33330044647081
-2.28178142284645,-0.678281263145469,1.09649523603581,-0.432937749891616,-0.850288119596577,-0.505650622251357,-0.906906032428437,0.610491863816197
0.190414360762441,-0.904573012088603,-0.260241281483179,0.325674156518295,-0.0922835347091258,0.0179725989995588,-0.698295946887008,-0.216636431926536
0.698534871157739,1.93217831149599,-0.254595954721481,2.0200011060457,0.0371519571730649,1.20754792491633,-0.249857762659484,0.709041169208252
-0.525628152822192,-1.08331255493886,-0.659880603524114,-0.369341863741061,-0.0677557954458213,-0.990064369624156,-1.26040491134168,-0.338336493219226
0.502935096809848,-0.166452428665143,0.0409272074252011,1.14565902668093,-0.355770681825745,1.06938831917667,-0.509263430308192,-1.20577760960761
-1.22813426629299,-0.548246735509502,-2.17287592225345,-1.92244128928161,-0.457139409075581,-1.64781253651979,-0.139125807188005,-0.161385891386093
0.204467673803102,1.2990330456389,0.544790481497136,0.159403842337629,0.639815848798977,2.27643987655984,1.28566266003843,1.28287524789412
0.144747255636123,0.206496924191537,-0.499562923724688,0.502432002911778,-0.895298577453401,0.439881023806651,-1.38746444045977,-0.911999418424141
0.462248402138408,1.27898481262723,0.124067936251057,0.240234534166246,0.207830078277216,-0.579730037257448,0.235209768895726,-1.09088315787261
-1.90806186909064,-0.863508790192179,-1.1559410566674,-0.351249546655878,0.90384202469073,-2.41681744302133,-0.00522538130890426,-0.364101789847753
-0.390020035557675,1.18348591938966,0.386256103209086,0.315963072571406,-0.721354793640952,-0.305615740285357,-0.165908412551543,-0.918033277273517
-0.804659402483372,-0.466702416316615,-0.0342149241224121,-0.911579836678357,-0.872159263816684,-0.787203285967927,0.364627798138635,-0.285005469156705
-1.22907067168012,-1.32770363174018,-0.538913569507886,0.229394756614417,-1.21304657224661,0.741107702527474,-0.148170578855309,0.245594004566444
1.43635224644418,-0.384811749888448,0.719114669499297,2.1886099894091,2.04019800920106,1.12842265431784,1.37342725951333,0.47010565003137
-0.515004094415881,0.268540658744956,1.8272100595511,0.690175958992078,-0.0297404518561896,-1.49003327369595,-0.349136051048197,-0.215527768488867
-0.0348572080306273,-1.46110274775763,0.626668734583382,-1.71758534699019,-2.42099237699686,-0.496920616696681,0.225267386222525,-1.15583031813605
0.160245818945468,0.153691206452194,1.35563202440644,0.436698455355493,-1.47171818051015,-0.604797117647005,0.154903896747816,-0.173028410929379
0.1797043994119,0.826203181321381,-0.165412531869912,-0.263561332914495,0.426304348720641,-1.522026411166,-0.448426452134408,-0.675769201565875
1.44455227395679,0.677646034008917,-0.334923521429439,0.499695959276207,0.624412472194452,1.08075843431821,0.748829098826371,2.45126316476636
1.27737364524715,0.939639946912126,1.30202567132165,0.952272377317825,-0.443537428650287,1.39356601759748,0.956024040802634,1.28021811308465
-0.0875969488204388,-1.97707722094455,-0.528034027533349,-1.5820629660984,-1.55612007165147,-0.952952822784787,-0.893150937715609,0.412288304124944
0.485397224084811,-0.144769773659083,3.17145224774764,0.560042606961442,0.602220776146062,1.38341341841211,0.830944672739104,-0.149980540749386
-0.890604308907403,-0.293087199867482,-1.5159203730141,0.95900963939958,0.0910810987844339,-0.18004387046659,-0.0780629006880346,-0.128653146251508
0.707736114181687,1.12674930312151,0.360279195272206,1.75498974854145,-0.726039039729154,-0.685211239430661,0.352787175197553,2.79419587274493
0.276375584944234,0.122375058385629,1.06782682231587,0.145781141526555,0.383739541279348,0.537093528278529,-0.541366330045082,-0.822785568439233
0.957565393734787,0.662220522310746,-1.21056450281769,0.138990998850338,0.272291845415567,0.0389719214817351,-0.360154329117969,-0.0886642707019889
-1.46145384273982,-1.25056245447203,-1.23275264411114,-1.69348197622062,-0.310954011852356,-1.04061360285772,-0.144464476861137,-1.06218164191577
0.538015961760541,1.13977686986321,1.26049289519201,0.860607957317414,1.49487006162789,0.410782491548414,0.765669731948807,1.84220636899514
1.07866101460935,0.694370846057485,0.328623258696808,1.04750486083682,1.4521508079454,-0.417802771377459,0.359904616257198,-2.05776103579971
-0.696558686202444,0.0518527046090214,-0.843462413946725,-0.269125380527184,-1.52122025559594,0.23441194451274,-0.0485965310488375,1.64643147059584
-1.91413173095668,-0.85140776955631,-0.947955609628386,0.838304555423009,-0.464868800077935,-1.62866127453228,-1.49447097558484,-1.70337245773463
0.874350955535096,1.64339850030778,1.46147883420921,0.303978848956822,1.20371860523153,0.0127542572001581,-0.933752271936828,-0.684558786779998
-0.405726148832328,-0.316889089406069,-0.809646639913389,0.460076483209048,0.712757668182325,0.86352344962504,0.659217389443128,-0.0268769326978123
0.149673897603049,0.915872270581296,1.14289540339,-0.141745969717666,-0.809178528930259,-1.93875469089107,0.358104549621335,0.550660171371607
0.119047585861155,0.537582994365102,0.829497676213857,-0.312182702222211,0.0704284671719687,-0.608282103895935,-0.0613566100449456,-0.634566182323358
-1.29264381806716,-1.42112933185238,-1.34443877591695,0.12387091060622,-1.78744469243242,0.77179591712016,-0.798476968936845,-1.89412009521814
1.03194856099949,0.115101186367592,-1.000191875019,-0.0731875882908904,-0.157036043439394,0.237770675021713,-0.291018809869968,-0.212866274431389
-0.14684256296355,-0.162786525582076,0.200611872972177,0.22230610150049,-0.335690334643003,-1.07758451408816,1.56680817132509,0.435417909867976
0.542890319309411,-0.800680441274671,0.0684226712778714,-0.395925357439843,0.0556167086463993,-0.220429416962655,-0.407070423550592,0.577042738383686
-1.33536528831145,-2.00398662678581,0.178509790511231,-2.87465366990777,0.635688374337585,-0.841861698425719,-0.987929234131653,0.236864800848195
0.178882106053504,0.238864480623688,0.380097027131618,0.95614302952911,0.72814017755841,-0.126278200406551,0.579501559514419,0.0135511032918466
0.409438044105115,0.161066457788189,0.665351393699219,0.519670231805252,0.0823492128125418,-0.154025214709994,0.239752045393317,1.53044776496987
-0.874193813767731,-0.855272063960535,0.554894674472375,-1.19183812610115,0.0871841388290966,-0.577853920302281,1.05326438943514,0.555905238357803
-1.46051768736232,-2.53248216122824,0.0145797452475585,-0.291618416146637,-0.551148309644771,-0.411614404123471,-1.15772132635702,-1.25068722397175
-0.396521615473363,0.435762110850121,0.789560588871506,-0.683023857786081,0.32138437707843,-0.500862892519582,-0.606903763327851,0.87883725669015
-1.03458403571389,0.196449008435984,0.0603436311344973,-1.43626131616217,-0.71309550182354,0.314465743027659,-0.0313709784679939,0.702518897620007
0.58362586673123,0.690356076249747,0.456722396464706,-0.265787958923111,0.595602537397717,-1.24428532330267,0.94141767661883,-1.02593982238371
-1.51217024449633,-0.529541456920059,0.216552633957543,-1.7539069730207,-0.397872035477965,0.654575251693658,-1.63899807404979,0.581699266339362
-1.61363049057339,-0.62403807139675,0.331333329013399,-0.19545088247672,-0.453698453111379,-0.0467880408647752,0.466309488999348,-0.583981758326072
0.519581938960492,1.76492824077662,0.586239091002448,0.870335134731529,2.13922118025281,0.241914413941922,0.973509153124142,1.00943103899322
-0.194007777053977,-0.231841499844095,0.532021165021944,0.0573462057715425,1.94325452711468,0.186553301491415,0.1650861625058,0.144818102884934
-0.933054744560625,-0.307745869060352,1.71527630932964,0.445542502214199,-0.307444192076438,-0.54598539586332,1.02388593002914,-0.264436034572297
1.22172883424983,1.62885445260017,2.25586999656469,0.729850724392161,1.54667643162772,0.485955343475334,0.336655572673842,2.26529427757995
0.205526596677712,0.375866038753831,-0.716517332762847,0.216877661211255,-0.799826984851341,0.309097365012912,1.12005209521115,1.17528165994724
-1.36316757835265,-2.02907928230681,0.00143130130065017,-1.37288013021125,-1.77862709010617,-2.87077683439587,-1.85271366624577,-1.98140206732659
0.506956872343834,0.28357696363462,0.125961047001119,0.202522879458461,-0.0823213714055624,0.730188129220515,-0.372624875407644,0.166991547131659
0.27394424038857,1.11681585949615,-0.589211715239964,0.875590790565018,0.709565318458278,1.39953790907952,0.479005700292237,1.08644483241979
1.38892362423275,1.84581392495359,2.25401979838967,0.808767097794822,2.69459425942852,1.44279286708404,1.50638704840062,-0.388700350211711
-1.70422616765143,-0.528195462027013,-0.738168346433556,-0.411966222953416,-1.5523692357304,-1.49797352370849,-1.64858176212692,-1.12277833720792
-1.29327331224238,-0.316172723675122,0.109499264261844,-1.84639240034346,-0.42588900664143,-0.276255373139993,-2.56142506425569,-0.219311437116794
-1.3120174368914,-2.06782618639661,1.1580066877093,0.947471616139046,0.0790345415828482,-0.616313291201212,-0.407908442470164,-0.672913730154763
-1.52263027283896,0.255574024349141,0.257646204762518,0.28622733821569,-0.555369741652917,0.649529256184386,-0.164902752447998,-2.28969133850829
-0.101599680927256,-0.219687172057512,-0.664864876409461,-0.139447237412451,-0.0432715258443198,-0.0434021102769687,-0.611044777246895,-1.59729506276135
-0.315973897390035,-0.500923175259961,-0.217947299587689,-1.03448131374077,-0.597587396500137,1.28269487594906,0.142715744306952,-0.876761450615492
-1.09403119108629,-1.63424828198379,-1.50372334934591,-0.617604463628185,-1.16255690371001,-1.24784101022124,-0.338622153397416,-0.50252958357634
2.6717130018679,2.15622694074226,0.527410418309657,0.424240033551498,0.91975186817625,2.2062540514014,0.799621337205623,-0.428331025024511
0.0465237489385934,0.289041109720308,0.459867246392765,-0.0980778005454864,-1.50697713107397,0.802526252932621,1.25868175648658,0.478979828388821
-0.404907625188015,0.607436532532133,-0.291816097766001,0.460826030614137,0.393337215325642,0.426009569851119,-0.62596454458168,0.849424672622616
0.856595873317052,0.349480031442012,0.823821216535519,0.928120095091822,0.043516276094524,1.66297252435278,0.39232677433737,-0.207733344023138
-0.27928541885278,-0.122821823280027,0.696525217102226,0.0498685842997801,-0.101273832060033,0.914154602507111,1.28700781636899,0.81458681472537
0.766268942263209,1.29631719074325,0.217177154320108,-0.256715673118135,0.388440654880401,0.744412743314831,0.0667386761111092,0.747393111877723
0.904753344805201,-0.117676433448615,0.542091327881877,1.28089391528309,1.05869595266069,2.00796304232816,1.04477887500543,0.783612219719549
-0.557883228662722,0.0745510467630497,-1.34110587965651,-1.21701217812975,-0.230698257081651,-0.683845824221679,-0.943230809410208,-0.420128967572341
-1.73308385929459,-0.762381872177752,-0.659090319527233,-1.2108153650726,-1.27065213286883,-0.321870185393619,-1.72746298809627,-0.853681233405061
0.506590067288244,0.575165640839342,-0.615132543561074,1.48956794019254,1.43275935707181,1.21030573713737,-0.101227607221591,-1.3713737649506
0.655554559959237,0.0739160450749705,0.317586723597572,-1.41467913997718,-0.142788712475662,-1.64391764164197,-0.553880859830815,0.281525176510334
-0.629328422491708,-0.580168700697497,0.320643541512495,0.688257466268978,-0.275089036761696,0.600141577266655,0.775832734351457,0.000216899287651673
-0.661789229692609,-0.106137239562312,-0.369650072108156,-0.450347071442933,-0.0328357040509641,-1.51376244546091,-1.16032437239174,-0.705972707843375
0.542623348349541,-1.19778954707849,-0.590358314339683,0.0821388109703926,0.570339556161651,-0.832101054824329,-0.48497958509936,-2.05586888012768
0.764976650309855,-0.638907145619541,-0.713929599870911,1.35187503754192,-0.755492873060612,-0.191693154736371,0.366047118483902,0.151835009533394
0.81935295831842,0.328408535118309,-0.0962278308985213,0.359675420008663,0.0638988910837743,-0.956579818220932,0.482820466929251,0.754333605944577
-0.860744990832277,-0.0811594521288263,-0.0179855080175183,1.07913195200313,-0.722917832615374,-0.738350607678738,-0.090423097190219,-0.862226049781213
-0.950864110566312,-0.260575205201959,1.52399102842714,-0.47687644435686,-1.67049942544837,0.208100653894031,0.561356940009901,0.493154195070916
0.496199692047573,1.37577769901088,-0.0136924075489787,1.30319414527007,0.74535801174856,0.882658443909052,1.61045276386407,1.16116677112732
-0.120899794178021,-1.15416547939768,-1.90717476873852,-0.584048013699011,0.240268580206125,0.792031401859649,0.617919108643488,-1.14645194310579
0.731636472341452,0.74525610435981,0.457774703611684,0.0951960515720158,0.282681681934318,0.830012365526297,0.514019901119364,-0.294295787535997
-0.697781802347422,-0.61130442444515,-1.38408220034833,-2.22526473824927,-0.513845890083333,-2.07981902241522,-0.981989897337961,-0.835072243667091
-0.77684459768122,0.464040642570865,-2.03367078376987,-0.761253151149572,0.222290388869837,-1.17355201917122,-0.39434738841161,-1.08530764995529
-0.446690876140127,-0.281305623377263,-0.866358705975782,0.279894062684614,-0.268021631373459,-0.0559833460825191,-0.766925873774875,-1.0257169938114
0.166237882656407,0.693081263314553,-0.53180209201159,-1.02299182839608,-0.613145254301418,-0.578911368297974,-1.10615003047274,0.932741289704342
0.981479372863909,0.877725708177345,-0.103119986821656,0.24231347154927,0.427504143469938,1.56916952692794,1.24496296972673,-0.243762758943179
-0.431563251003126,-0.0489373057839109,0.566652407521268,-0.307792884631125,-0.21730200909455,0.0990007234557526,-0.141688560882987,0.20717354381674
0.803541136178244,0.290804457520945,0.878652476701199,0.288371347484771,1.29754553179454,-0.677543313734381,0.177597571475506,-1.17913339862488
-0.72127367802875,-1.04978305476117,-0.815311122140555,-1.03359543432075,-0.586900210480386,-1.03228894261507,0.140182000065091,-0.515265688551119
-1.1445775561072,-0.122592398067486,-1.62792086456964,0.2568128125134,-0.838420389659187,0.291012990165902,-1.00307638296008,0.0836171714463774
1.85457246108935,-0.0606653051746811,1.06624192383267,0.941532674159823,0.366241990759584,-0.0593203279213852,2.08028554702401,1.4741981751598
0.235627403050165,0.979504784066345,0.0444590870494949,0.918896584819532,0.924259868006199,-0.307510610984414,0.601109664825584,-0.261742438101886
-0.159591681824824,0.638012996203945,0.0590503826662074,0.205173680157833,0.959625073032406,1.24561277566537,1.44160825749621,0.0477543048381339
-2.49465636212742,-1.42002745004519,-0.687995028845684,-1.65406767021776,0.0146117774243023,-0.767356318904403,-1.7814776043999,0.00754075225011497
1.99950695901178,2.32020743770179,0.409859249208141,1.8409628584181,1.11423535387062,0.742691296915067,1.66718010436713,1.60443525361212
0.450414864808405,1.45128482240128,0.356906944106592,0.541610709773146,1.40896993096335,0.631922148956408,0.203923678954624,0.306803510936804
-0.195022410434078,0.976902428420824,-0.640469856585014,0.71272766881884,-0.473688690330878,0.0984682490309515,-0.530395137195553,0.0260870214731402
0.728134381687244,0.384895133420812,0.730119566884976,-0.555091599595462,0.645792470950367,-0.117422899217682,-0.363471728019981,-0.0311567935951325
-1.04740021446931,-0.738540651604442,-1.25494592381372,-0.505660183595179,-0.922073709912658,-0.361577755470058,-0.712174663858055,0.074976245299949
-1.86624068800416,-1.82500637475794,-1.32597868391324,-1.16871084474581,-0.0334590906765456,-1.24238561599653,-0.263265211083947,-0.299055332847993
-1.19553453022195,-0.204056142256266,-0.750803011237095,1.0061089498556,1.04198546163746,-0.226917911594368,-0.0837041813595014,-0.0522165170440217
-1.14370745290744,0.165322425480505,-0.693174122687388,-0.614863847355849,0.277615330698006,-0.225039558810499,-1.04790413521637,-1.35898104164471
0.25769791415386,-0.111642463756628,1.095946574119,-0.536714862172457,0.625408020689026,-0.0909790517963993,-0.156812830467312,0.336266440799733
-0.436027203198309,0.285431631149996,0.0398807197537159,0.105674398404177,0.534133134799692,-0.409813268756552,1.41325312557455,0.458196300643972
-0.616876138397951,-0.781424124691793,-0.428931705207315,-0.622417795856331,-0.805603162314687,-0.877554323895396,-0.0174790287054232,-2.11642695853534
-0.304709330194388,0.201467170789267,-0.964343381292433,-0.756567758460327,-0.294006261912314,-1.76767652933088,-2.05276893186586,-1.20299254182902
0.855170367253272,-0.948877863664374,-0.854881776348241,-0.0206499239344408,-1.47356994100273,-0.367223630967891,-0.314963268826543,-1.39440689000887
-0.683863459993412,-0.953347180260524,0.288129780843357,-0.872099925439825,0.319958190731549,-1.14821178341462,-0.123637371202553,0.235337621535284
-0.167168072684567,-0.00728883935716329,-0.685860062921864,0.146761057620987,-1.03658974337099,2.14542109748341,0.796607105685655,1.06672413021021
1.05839783184384,1.91645452242231,1.82484233808322,-0.0581790392725465,0.27302952994576,0.943149361520554,1.02977102417964,2.45255207535299
0.738746883784778,0.372963047616286,0.0112471750581475,3.02551296690389,1.63209035231362,0.969479239968581,0.608356613802274,2.32170919763147
0.246836012421618,1.24852419862681,0.757320254811288,0.48235722168679,0.5614335217838,0.40284824091816,0.697964735728293,-0.425791075914793
-1.36054511648538,-1.71658210042717,-0.184585641414093,-1.74236760942669,-0.941504825323811,-1.61365889370444,-1.18419528817941,-2.05481111546901
0.428980334278121,-0.685922483512008,1.70326088616845,-0.13635139946929,-0.578222985156344,-2.05666041124994,0.325698838715142,-0.554915348035847
0.551750992632038,0.123465341965165,-0.0496519325899173,1.15677523039209,-0.418071913760966,2.06679366454305,1.08780957765673,1.64572897631253
0.313747673431337,0.497156314120018,0.538324939507172,1.02928144985715,-0.00778947518351281,0.143468142895436,1.62849952989094,-0.396754728265534
-0.695116842780105,-0.16304630191652,0.646627614633099,-1.31864405501449,0.230003060422978,-0.775962433073165,0.107047171715593,-0.699203215622244
-2.69685903042232,-2.31058894030253,-1.988295335973,-3.39125592552525,-1.35238405943767,-2.24604607890945,-2.22300914687031,-2.08738923807754
0.253963529208839,0.704607041648778,0.51780116019641,-0.013883770006601,0.0734970645327872,0.851570508953857,0.753240880958709,-0.200384731387844
1.42327482934838,0.566515698536325,-0.0128828802986677,0.984130028425838,0.113002796534057,0.939218755833707,-0.141309633217118,0.865297941288159
-0.577472094114239,-0.0302981810468712,-0.891653090665446,0.14443397886601,0.3058537067938,1.02782742193244,-0.173326287780727,-1.24757389294527
0.00269093240786135,-0.253263047423832,-1.72084178092108,0.797249894662256,-0.340004608748195,0.314218165703604,-1.55037067406586,0.0668814792934751
-0.317402963275267,-0.472097901384705,0.669906037720724,0.590379774856358,0.667781488334618,0.196160521127392,0.445581408956505,-1.24309181189022
0.267391781206362,-1.53311372708903,-0.509405642653323,-0.0244229093557252,-1.06914527250056,-0.448955321903858,0.151041716974948,0.656954389041083
0.813711816710693,1.15650314325036,2.15965156804024,2.09433587242823,2.25000712623564,-0.316670763457927,-0.249053753607457,1.43354067852647
0.477538307629579,0.383254077785999,-0.629164858735356,-0.351171519866228,-1.62560752161063,0.504444168081002,2.0985989640936,0.47763214426018
-0.742197474430733,-0.118387896129285,-1.12388454963269,-1.45505577139673,0.162314928646189,-1.06957115083248,-1.54179348900432,-0.866179418111746
0.402965298097782,1.26093231283034,1.46366732534479,1.29234313140991,0.484036581093488,0.616801420401496,0.100760461229921,1.60850643668125
0.866517397687966,1.43859503788004,0.494094352923972,1.07055470665613,1.73750724373898,1.58457739940479,0.640315955322433,1.17034983869391
0.493737486651648,0.669293792871418,0.878313173811468,-0.831477934279913,-0.482753581492729,1.45483098879451,0.801542261989354,-0.539985450869045
-0.860349311627342,-1.80966068608933,0.122292455008996,-0.889283919605972,-1.39000073315501,0.762297157737713,-1.50374889614924,1.22118201980969
-1.22110090360799,-0.263852921665598,1.43062313947234,-1.28093108583158,-0.242175175156946,-0.0222920307148925,-0.0661012338158151,-0.840340134393756
-0.266981371162525,0.708569697637321,0.413956016751598,-0.33573739090235,-0.28813953788196,0.345113426959238,-0.158939026630696,-0.517775101737822
0.51838192145153,-0.476209500766846,-0.653599646733706,1.17682503689874,-0.355506763217583,-0.657117332511724,0.538519326020819,0.39022385317837
-0.102541976714932,0.253889854016496,-0.675119367694512,1.02935003035333,0.598139399418639,0.203032665133291,0.33891209788446,0.412971360800831
1.48707913692628,3.17048750667348,0.99800882745394,1.34697004180419,2.09900767232229,2.91187123994659,3.08233900246821,1.45666691635041
-0.562290486169403,-1.34434387404473,-0.825095746039331,0.490957253461955,-1.45243532166083,-0.715004691730231,-0.326869339055133,-1.64471607170007
-1.83924927309928,-0.731473013249939,-2.21942425427546,-1.93395185650598,-2.18960656499133,-0.095624597631019,-1.55462336358899,-1.06435840238551
1.39271825385644,0.0720128135528734,0.64480877162295,0.886429860798188,0.338989868514239,0.0112892576072673,0.291600826761144,0.47382428571085
-0.368312429177681,0.388424153585535,0.75113828906891,0.396860628626627,0.54632928245367,-0.29207848260993,-0.11442179679718,1.51632062353369
0.447643036077418,-0.177970799833367,-0.0979509417001023,1.21582517723093,0.847840660240493,2.16556823953009,-0.238381888613029,-0.41649154902994
-0.0401046783129601,-0.675902969947084,-1.31904163378244,0.222521634073755,-1.65870731303632,-0.512194685921319,-1.28351777626667,0.183602223367824
1.67518323693902,1.9222138206362,0.263516159980801,1.46679098041607,1.01244519684994,0.353721086293364,2.18953943567833,0.473111539566911
-0.0649681423403589,-0.166928354964714,0.551678284845177,-0.454839920909537,-1.41174658839594,-0.589715548713221,-0.0306919885753619,0.187270237642786
-1.04841798709251,0.0384442433684178,-0.254096387660517,0.473035933903437,0.235293255600186,-1.11097079689042,-1.37096938555563,-1.06662555724116
-1.57939709168566,-0.234055203340883,-1.64114559843958,-0.172062748029591,-0.743512826374204,-0.0411959363858608,-0.78866430271443,-1.77065245269742
-0.0957284007873905,1.42856134348459,0.405031399567112,0.194117395059375,0.589506641985764,0.133531050306868,0.693678631424632,-1.47491705512085
0.147575318487055,0.182440940383576,0.0572922561785864,-0.606055172934086,0.506842364506607,0.349247422595225,0.886017842304597,0.782298594475524
-1.91265595422222,-0.837474669597376,-1.63617372989503,-0.35561645696396,-1.22176086276637,0.160015919298843,-1.03859069996345,-0.814440917901321
0.43219236384181,-0.74383839315373,-0.992506613629573,0.498691681584545,-0.616047593633922,-0.740128222408925,-0.00834786046886905,0.321634266878832
1.04748357279483,0.182758800620805,0.0782703348403087,1.54964688051962,0.609546204967121,-0.262806574399123,0.227754262179929,-1.32266119840861
0.16772072810543,0.710721093819852,-0.546335396057754,-0.381199959569577,-0.933418058449579,-0.168013278313665,-0.473859706366373,-0.10123171463858
0.441693450064378,0.891856048937039,-0.115898956667853,0.722689280581787,2.22197756712309,1.14853153769894,0.0871568785588029,0.479673661008959
-0.977431585299245,-0.199270141871879,-1.95223826619629,-0.829458859130731,-1.90192008708493,0.187852855869274,0.202169468463062,1.31015668807969
-0.240278250887661,-0.113138616663198,-0.154936002020179,0.0137506663223721,1.54963297709512,0.0409016662947895,-0.446461351905817,-0.618191153776289
0.0870402720271091,0.848132489132732,1.05143435743673,-0.199180362905524,0.7462552474259,1.50296890835958,0.476851392401975,0.934096263662116
1.18856576794646,0.635867952627562,1.51885344681513,1.00146643130459,0.266525964578237,0.448278702711213,0.507763680024936,0.512500535306878
-0.137362667579021,-0.926787388676231,0.950917267284211,-0.958648251315639,-0.664875433236592,0.578330205069308,-0.787955934948978,0.108903824853726
0.291046579537053,-1.05385525000137,0.195379334099235,0.932506131423097,-0.0580264956888385,-1.16245382780201,0.682671585210346,0.121156078629968
-0.768762343106116,1.05222162826017,-0.894143230967845,0.156975054655908,1.57577700183927,0.165668307610908,0.502063468936989,0.0928142615312259
0.469408443828219,-0.114556847252931,-0.0374965844448041,-0.836137496883919,1.06725719745684,0.185092310764902,-0.577716725822492,-0.549025615689575
-0.161856199143485,-0.28829957297321,0.285371320655572,-1.92763887377422,-0.163120038843408,0.181423200402498,-1.43329866879756,-0.48494476868903
-0.347055586181551,-1.68240408359358,1.15936223367473,-0.772459971573564,-0.641811348859705,-1.51009935707923,-0.0557004260647115,-0.268610784234457
-0.941473328562876,0.445358831176545,1.00123696199873,0.0513627756745519,0.5157744085089,-0.0881078714278932,0.517165474049818,0.172755372140033
-0.92633162875904,-0.580528239728942,0.905481553995487,0.448520844720538,-0.851799443274852,-1.73170510566604,-1.00149067745716,-0.348731895428665
-0.651232356211658,-1.47247846900257,-0.103905695201291,-0.285020641247611,-1.23421592684968,-0.695164200712445,0.129861746970003,0.291109530308827
0.608192912453205,0.581839449927065,-0.939583620164978,-0.266952840725448,-0.106380544509971,-0.270546462485098,0.724918309324435,-0.068208221279643
-1.70422387692674,-0.195461794958358,-1.42259768505195,-0.775490042084417,0.247914598045271,-0.0654113921945616,-1.37184074575478,-1.37126775584437
2.84151780984162,0.471534715554004,2.14197790460016,0.872361806844402,0.379244740052774,0.999451125490532,2.61243581757583,0.485656248274819
-1.99095584326119,-0.521629667140771,0.286713955967825,-0.144874345140686,-0.136514485273113,-0.541329956911918,-2.52457707218386,-1.32889734411275
-0.00279320752846862,1.21633140352499,-0.430338092999496,-0.0553946155197877,1.06358131555877,1.152489892562,0.583979206073764,1.54835314047804
-0.124709609916073,-0.990260977391647,-0.542047177491978,0.823168144720539,0.341202365502815,-0.0754970081240753,-0.296269000900589,2.12842585571246
-0.419862242524903,0.464486831078419,-0.74631470914049,0.867279728061373,0.380560634252916,0.993212167425446,0.13343420211707,-0.0213388474520845
1.19945318526868,1.21728135336217,1.18033826771979,0.580139304578998,0.781370077660082,1.68975270359037,0.577429877672155,0.983707288963582
-0.169495788111756,-0.716679851359397,-0.686132083544174,0.0415657552741202,-0.483782978394813,-0.0418639421425632,-0.76540745023547,-1.27203040646682
0.33398319806421,0.513274162722147,-0.0921689321663304,0.363286802063104,0.0813471472951258,1.43568868290469,0.400567716976854,0.877521849765139
-1.29323041845407,0.70941461152907,1.00251460950581,0.170621722150503,-0.523217013682406,-0.447846990609638,0.367643961805282,0.84129792065281
-0.587496489756632,-1.35617641119284,-0.47425181410197,0.037362992245327,-1.41593232197281,-1.61340368662177,-0.285590909033839,0.205551513668004
-0.0544047402427319,0.54731900808223,0.573881427360677,0.275816260919996,-0.367055332479842,0.566641321348488,0.456542668500074,-0.0436020893412729
0.570043155117678,1.46148495297152,0.129477652148435,0.553838540388077,0.758786771096275,-0.492569287659595,0.815255197503307,1.46252449316963
0.0930472585520469,-1.35739156821998,-0.107503807568893,-0.255087788971923,-0.367296394031244,-0.961248657736403,-0.366479004923463,1.2566790078559
-0.60626324937613,-1.30670468982559,0.385275438865765,0.91251474803607,-1.23843277530819,-0.671427102652111,-0.623441308895972,-0.679371549759764
0.609269297129598,0.488675275227504,0.637119491787957,1.0660937392776,-0.596281012081839,0.526433801027415,1.40163142263433,0.441813087054219
-0.506471210866081,0.175117323764407,1.34199963443556,0.747486075854238,-0.282610218379964,1.10823786977678,1.30266008604513,1.50570684990711
-0.770627117563977,-0.489155770521279,-1.52338235838514,-0.267528531779141,0.247859836837702,-1.43435813013775,-0.0940441577150516,-0.281317458300866
-0.85350500369976,-1.36150613410129,-0.668967286592196,0.180889727660222,-0.762769247650678,-0.725183393166502,0.0398896931144737,-0.637836336847578
-1.23520396746832,-1.23576236310084,-0.920951404343233,-0.919307952006013,-1.92493001227484,-2.19419704138436,-0.629541972361505,-1.63692289955018
0.00262959283661357,-0.160837555360637,-0.977095690654931,-0.308814007143728,-1.74546852551412,1.19534401192962,-0.622988118864838,-1.15588779768146
-1.04384570804901,-0.788239402673901,-0.763204556481636,0.472491398561172,-0.415594629762643,-1.05760838319579,-1.08756330349887,-2.29466511553103
0.441379533328857,0.0390512350079038,1.34553027680158,-0.422282482992958,-0.346903458266716,1.25954534321881,0.224736213312243,-0.592192437399275
0.0961279560257428,0.984216378988076,0.741722009279887,0.213823178294058,-0.406493300581213,0.183863056360466,0.841881256581246,-0.0818058850527287
-1.04074508094286,-1.30126769495885,-0.371809731314982,-0.578700534965909,0.449586685483106,0.183645705420273,-0.756829532342963,0.662335700463815
-1.07950911729148,-1.3006676874501,0.108452875471805,-0.720954642999702,-0.819148075307512,-1.33645467208606,-1.49479590445391,-1.52290757038755
0.501660914459882,1.01106004550131,-0.0864163110619882,-1.14597094366544,0.406109957496022,0.486124853498945,-0.483453058127361,0.256509923227491
-0.563361637023372,-0.019924839580113,0.273902082951688,-0.0706500935222662,0.634819751263462,0.639713834615984,-0.406759165982326,-0.201153962019467
0.412953333307357,-0.678819472854166,1.85059631650168,1.33546755752938,1.104752465993,1.91249657171845,1.57661215968734,0.302759166313035
-2.09137455703201,-1.84982077165667,-1.25523796367833,-1.05385712659064,-1.40174285882387,-1.57669132901618,-0.888634371301256,-0.792695726804854
0.710880673072512,0.577715563831275,-0.596501357019749,0.297684130980533,-0.757920758360879,-1.12375832573545,-0.579641452799017,1.31141114835643
1.50589005158975,0.790789014350301,0.348505687371963,-0.0373186683545459,1.79011776712656,-0.037871806763506,-0.120392112546578,-0.241247593457012
-0.0923928081534143,0.313022341268528,-0.427340598356643,0.685931300147295,-0.732645121745748,0.569966378863152,-1.40708154404159,0.960628573058864
-0.292161476818886,-0.741340893146246,-0.28298019824155,-0.699706247991927,0.418565346718469,-0.350134982548685,-1.2492735914523,-1.03357804856774
0.405608343187483,1.02141329184705,0.694853422765946,0.562234548412275,0.117014675998707,0.272499655390259,0.859283872483087,-0.554498210507828
-1.37963851455294,-0.98770789303923,0.182647380149075,-0.0617898321308593,0.893401728432766,-0.534173471808836,-1.45692736148691,0.241759784567997
-0.084661475799532,-0.0569812437491584,1.19457465218087,0.61958161499209,-0.46170173912397,-0.531881503372826,-0.115327256188202,-1.32565374642438
0.715363253262781,1.28547423052859,1.83455012559318,0.722672819531225,0.424606031752078,0.460518108438564,2.05684867122791,-0.158606801473632
0.332140879007297,-0.862792213219643,-1.18365269821945,-0.613133626962828,-0.171213271428047,1.50562245909339,-1.70817238853707,0.694302972569437
0.518381264136505,0.608564498688821,2.10552559028751,0.45658429498974,1.52389960035619,0.608727572678364,0.514332231997625,0.357722692671141
0.526078300412227,-0.563590224862162,-0.0577385599411512,0.294785399098965,-1.50715498742542,0.732782339278563,-0.88596934384489,1.1726151458545
-1.54330100169845,-0.970995127087261,-1.23686554330526,-1.25946144634832,-1.31384988298836,0.943090490750008,-0.472814379862555,1.42737865833862
-0.518462384340028,-1.60476337432791,1.00658251312353,-0.912490359913592,-0.375329927408462,-1.55725092466752,-0.608547724444989,-0.291427619365195
-0.60873032791469,0.110755807265665,-0.29014520835524,-0.850175720030467,-0.647224600842711,-0.81778123901467,-0.53934778775867,0.0517134761554401
-0.198478298000737,0.462133285528412,1.11895858663708,0.534082530117691,-0.251735801993147,-0.319578341700409,-0.227058490480532,-0.166349450761512
-0.132695560124276,-0.788960601322977,-0.232297875008658,-0.861798482604831,-0.46615350065481,0.689928510446788,-0.0826191537887452,-0.655347574770519
-0.12698896234708,-0.538045812224914,-0.682333973974902,-0.320746255972974,-0.928859009795464,-0.348539095827621,0.117691564204311,-0.686989548237457
-0.245866129569266,-0.757245168824157,-1.73577161431979,-0.881607898939405,1.89568759073727,0.0777803032783065,-0.849204578825451,0.774195356200815
2.32898084440104,1.39278889918327,2.02177142816519,2.90049827967664,0.263371148295404,1.3777769821477,2.2523949970025,1.63609134186164
-0.498850670706326,-1.3954715627305,-1.53170198231461,-1.35166382972961,-0.250168453964643,-0.625878316234359,0.0603620343742892,-0.351841604232864
-0.707100073545159,-0.253699717858725,0.463150229322629,0.289427573161682,-1.08646701986405,-0.757116529506401,-0.40363197684037,0.523811076475953
1.1537925584064,-0.898168450765302,0.30167136248692,0.286625806012207,-1.20024428515763,2.17336112589678,0.12585983846805,-0.765147195645167
1.35273976851335,1.37100612022974,1.3368829215356,1.1037587761888,1.23646527176427,0.206599089031644,-0.101627742575742,-0.0435223455417711
-0.336721705839517,0.0788634395279117,1.0783769763897,-0.17322159789383,1.58270289497003,-0.175811648061148,0.178294000956384,0.178269131168358
1.06707469620111,-0.0314523703378867,0.332633640148163,0.395956780125946,1.31203628873569,1.12680884454733,-0.668131463856825,1.1245931741107
-1.37305647137994,-1.11228810728456,-1.33748801175144,-0.343308401962963,-2.32028319022654,-0.752578319269919,-1.32661828570515,0.0795809362321247
1.18397791415413,1.16409300431643,0.659513356548446,1.49814309798838,0.52661491096306,0.0657232991072513,0.0109635473827743,2.0244130157136
-1.15061175616421,-0.683377022020805,0.454778565035319,-0.496700756085698,-1.01949801100084,-0.566199816598504,-1.05634975709858,-0.21988428930984
-0.732738270302992,-0.22417853125358,-0.546723291650005,-0.932374490742306,-1.01752768034724,-1.23759616441204,-0.312419069669041,-1.07584314490332
0.00306379154522507,-0.626238419541282,-0.792181938391524,-1.15331314293909,-0.0269834842050388,-0.0348898916961906,-0.435481936128695,-1.61134624872077
0.711880646891425,0.321054890362096,0.723787843019664,0.73163265908204,1.88035405125226,-0.606532132044312,1.06832793333457,-0.741053691052103
0.823557214783823,1.12507936485837,1.67704132875309,0.678674996811589,0.187974126004817,0.320425975182163,0.991816750802321,2.13813365348003
1.30638567437616,2.61015205381358,2.06475371771026,1.43570833327022,2.27058301792424,1.58387679928365,1.59900187192972,1.6491690991256
0.256317010623773,-0.863945302251797,-0.591098807287594,-0.287901314727954,-1.51505991583341,-1.65448375012992,-0.936315177368474,0.672045762410859
1.5840793680996,0.294788223075455,0.902725530162344,0.616659190640907,1.12595330178918,0.47930239836001,0.00930917505545675,-0.310156899487279
0.583674689066278,1.67440413685293,1.0452302039974,0.642699812339618,1.12072117018418,0.491002779877697,0.788076181394183,0.706367974991653
-0.975421920685051,0.466576484781279,-0.627473328642271,0.948149036709935,-0.339824645955241,-0.60266974424566,0.353291279200135,0.430095725794755
1.49077779164576,-0.607903803526896,1.3345030691834,-0.952227863968057,0.361135973059232,-1.3472840582093,1.05995089566109,0.182382866056332
-0.0907591741173707,-0.856863837322044,-1.68838308036461,0.70945083704249,1.38356138401546,-2.06956320873763,0.867333005988453,-1.15387505742743
0.581133071163192,0.0264085266412103,1.03547310436482,0.987179851569762,1.43267130609793,1.23028530920896,0.351765361569877,-0.927308331141758
1.1303952389003,0.357435542334774,1.09556881140076,-0.342606868052117,0.825928019338605,2.24551936486596,1.4133193380423,-1.30238570113416
1.42129946943002,-0.575024209676478,0.421295990564755,0.727202704992959,1.02112372832744,1.39954501941286,0.0911588983933092,0.918672781457756
0.126674845130155,0.44404249557795,-0.30791453277847,0.770477406513134,-0.567541305330764,0.148398687390914,-0.813984474595076,0.67573640484446
0.689496673191988,-0.32640109427695,-0.387985550405312,-0.750564754088423,0.101277725635493,-0.0867552641367073,0.141749667061492,-0.168107881341093
0.246345459921046,0.790465136328144,1.75531459205915,0.366264561175145,1.03805417269947,0.594501505087948,0.614060145204273,1.9814728474325
-0.106006275096566,-0.430291788031661,-0.400552399269693,-1.4871247142796,-0.0494039943323186,-0.614887538636128,0.710758084732213,-0.0644979087646443
-0.870104775192439,0.0373386346858559,-0.4751979336808,-0.810389518637912,-0.623671773443448,0.188835496411208,-0.32156985642684,-0.56864097885442
0.957035072812044,0.546783839043468,-0.0694635073731079,0.912032577919019,0.726836526132049,1.34556197732344,-0.397149997821748,1.57718543741479
1.10191029892026,-0.254203525136975,-0.14267964755234,0.510766987223515,-0.113400183860365,1.00528412968543,0.516075082032031,1.0837643898375
0.0832751372457519,0.674111647582322,0.0728846894316571,0.131759043132484,0.486388883725751,1.03793604799436,-0.876385114458964,-0.464327276759778
0.613398871033436,0.275565777176209,-1.25007810157122,-0.704481172128482,-0.400813267859897,-0.485588442472389,-0.958481182978243,-0.0804398444497632
2.4463783597261,-0.355240271223612,1.47150937221061,1.09082326151587,0.484013990822356,0.863128993203563,0.350941825900285,1.24981793883212
1.62971590497159,1.59049359207184,0.861329187620252,1.87939191681175,0.468113488941705,0.795142871390101,0.650332499012027,1.52163368005609
-0.830484864258103,-1.78626132776728,0.678034452716421,-1.0492058499793,0.167874591783661,-1.54175234870964,-1.58108764644709,-0.58164156098714
0.104008299861444,0.0148159715660568,0.835180944067554,0.0789983493412511,0.281821815649241,-0.64919765035091,0.766636260613236,-1.05171606728065
-0.236524833624169,-0.208222132893836,1.17500038734964,-0.315036871540725,-0.653975374278068,-0.182195917741278,0.247114179964694,1.42423359259101
0.930420787829543,-0.53172221447053,-1.42147046807974,-0.48685493057257,-0.219329620930255,-0.177968117791834,-1.05363648459239,-0.197626781039178
-2.64532253366135,-0.0956710238712122,-0.115393615490276,-0.641701951831617,-1.08708197040435,0.269455145154654,-1.30577213211828,-0.930437910137955
0.0492895051753533,-0.78563027400843,-0.294654323476137,-0.0694822438323297,0.0727892064104495,0.618653678483237,-0.852240986342294,-0.259142195915105
0.577333958260485,0.346273077342691,0.346055886131331,0.256073605212409,1.80009277295381,-0.512221588564758,0.716204239856169,-0.0124574623084688
1.27876545925025,2.74781991743038,0.37936426405358,0.794203636639918,0.27178031432711,1.42236854210335,1.67514573358784,-0.638890675640319
-2.46407475987103,-2.41430384869084,-0.944135478291563,-1.40766033305796,-1.16343822741175,-1.9379912078793,-1.69103495492907,-1.17583029248544
-0.407213314456796,-0.939918636188591,-0.335637114649095,-0.659182867444257,-1.51357471564723,0.219147484194075,0.199022461996004,0.452399465900689
-0.122459980132831,-0.268897154204347,-1.90041649329413,-0.593955713506902,0.228719189051449,-0.924383441832211,-0.445734777467768,1.75486122308516
-0.49175717059286,-1.17428326295718,-0.283505485380714,-0.995956337357571,-2.19171229711266,-2.02744887749134,-1.02021966637368,-1.34972027398159
-0.250043497536196,-0.919242747527173,-0.314584834714049,-0.294813470095582,-1.74740708064465,-0.430576342311153,0.232478274905145,-0.564689093365996
0.103673026222173,-0.773311678482699,-1.24302655068342,-0.469572817554235,-0.136363747504543,-1.1236021714281,-1.09549214188551,0.13293541300329
-1.16534733227262,0.112502121399963,-1.31593666197135,-1.27067707302778,-1.04181170236943,0.3300989718041,-0.442932472890723,-0.5310992093194
-1.77382962140719,-1.82260166287028,-1.84170291731286,-1.37312781089335,-2.93764123891731,-2.22728772194514,-1.20974718255266,-1.63448636014996
0.286582255487925,0.323771576455613,-1.15838843066218,0.441947522319596,-0.807664137165112,0.529529936758055,-0.139184658997597,-0.165226982132398
-0.317170622758576,-0.262875390808575,-0.258557790291045,-0.660944743824924,0.33826264893432,0.329865494015481,-0.352611173340664,-0.153937749720185
0.738593605610278,1.44183316427635,2.10830507705836,1.50578802620389,1.17982270702071,0.731530044482537,1.3729276590208,-1.06451331417863
1.55221250141081,0.929248324925684,0.622620449933533,1.43381042251244,0.701214269052823,0.863000327507437,1.39533581577485,-0.110716835405372
-1.51270550723106,-1.10127346679485,-0.424318882732337,-0.871746531060216,-0.362251449999076,-1.40126611079042,-0.411064791560048,-0.676519272691995
-0.94508383791751,-0.36562136284338,-1.14438388214883,0.580531739717893,0.211417390564684,-0.793529274467652,-0.20261863649856,0.474452480656199
-0.205207663600181,-0.500190904562773,-1.59526324626577,0.404785747358809,-2.70616231828263,-2.15224831926719,-0.00591563554515434,-1.14603270142497
1.10834985536769,0.0923174666782745,-0.206099680561262,1.76431871114756,0.629355083685883,-0.117106184852655,1.71642573145008,-0.023489077080125
0.638397355563089,0.0997671890072307,0.615464291307292,-0.278687290396545,-0.968995994566771,0.333152987086863,-0.397605455538039,-1.39076363053819
-1.03002968531904,-0.652325447402611,-1.04315059173457,-0.68744248601863,-1.05898389449093,-0.309257275178874,0.581881536175546,0.0885442712477784
0.182434513811547,0.268556465175282,0.709533763953629,0.110536470640747,-0.87158189990062,-0.510179245462345,-0.633741638136568,0.769508200276975
-0.722242741842147,-0.567042140551411,-0.0878661803394095,0.843697131678252,0.371950012751146,0.0415161813372107,-0.511579288753213,0.0201042561794302
0.406948940779425,-0.305333101769978,0.214458340400746,0.262019866404202,1.5348598990838,-1.93203893689215,-0.0236717710389049,-0.0654322448864118
1.78425640441137,0.897376291342283,0.341207157802118,2.14761965945356,1.74981315446614,1.93568512204296,0.275230252828792,-1.02215241420639
0.168108897454237,-0.666803790588171,-1.07922382674003,-0.196913841889298,1.02723302382727,-1.00379168541629,-0.159714262245135,0.903237010653167
0.0202248254853457,-0.0387532406501437,-0.360221397992723,-0.543764510710049,-0.493487870589622,-0.403141604284713,-1.81615330127739,-0.509544693934738
-1.58160047851473,-1.05745344405573,-1.07481934073768,-2.12269561224803,-1.45830815620143,-0.703297294832538,-1.62907297196576,-1.33968962077546
0.0822742170482453,0.529261096925828,-1.47337461905587,-1.15955209514715,0.539024398952427,-0.668650243626841,-0.688875922678386,-0.00535671009275359
-0.51781680045193,1.00015384460716,0.956874846467621,1.99926587786957,-0.286862960659014,1.69107322853788,1.2891417871867,0.988208328762591
-1.28598285519116,-1.54808300831153,-2.79358891242958,-1.54912360395041,-2.38973128498129,-1.12657640284593,-2.25531908016407,0.204733622561046
0.419308459484901,0.427993016068813,-0.483015166081653,0.182443972634615,-2.31444507557327,0.1604326406377,0.718553717783274,0.191800723630248
-1.46915033883094,-0.178932544757043,-0.64758179948317,-0.425169621416123,-2.42394320830807,-0.163010326082853,-1.41453454162099,-1.58506087745705
-0.234649042007017,0.252583503431181,0.275828813065481,2.03827409867691,0.679968480730961,1.64100212222537,0.805249360804626,0.712509398669415
0.0882016084517452,1.61772003117265,-0.342194748259349,1.43686730690064,1.0302924544323,1.30173925303962,0.404491789371189,0.824293873667741
-0.44515583733037,0.747027933346837,-0.127251269771726,0.268055742406596,-0.0208351772935362,2.00837916673345,0.987245067824935,0.318962252862129
1.89204160971321,1.70459868148697,0.74787745011382,1.56286039749917,-0.383324763770359,0.481924047632464,0.110341813219578,1.60073370578443
-0.669484379614915,-1.24491769476413,-1.25700774364057,-0.419677466527032,-1.4331601390094,0.60970322231482,-0.112589839646767,-0.542123799361066
-0.0468602886079962,2.24665814279176,-0.543012614263476,0.295733363601822,0.0890356638995833,-0.398771894084995,1.36219250442476,-0.144068145459504
-0.101497024315577,-2.07675754470578,-1.31086203575341,0.196670278389935,0.243690147718319,-0.767150596837014,-0.682897260009111,0.855615423806606
-1.13259590879928,0.254992309399868,-0.240269563110544,0.349369221662109,0.450260404588032,-0.150662159213166,-0.670062148474949,2.4833404368489
-0.388143617192471,-0.160121838088086,-0.542219041109249,-0.247277640780539,-0.803923447064816,-0.874438032926057,0.286679763276064,-0.414523320199799
0.488328120744392,-0.311043968568311,0.987204644719226,-0.818583598421175,-1.35764106046405,-0.100901827750073,-0.873215618512458,0.640458579852859
0.206776499128474,0.893538269335878,-0.722011524023009,1.1696061701033,0.258134338869749,0.8487602440248,-0.221204648999802,1.20587174231757
-0.183854390199355,-0.9409996398486,-0.454940232072181,-1.23500079652074,-2.18440753803433,-1.47440762537442,-1.41554485231799,0.0695915293767541
0.94148427591078,-0.681794957768945,-0.485323351332902,-0.253722417297739,-0.654851107828563,0.107086868584395,-0.828236330813895,-0.477387012687651
-0.606390025083069,1.0139710062019,0.175440531228387,0.109582259544019,-0.103737861076271,0.590292580914416,1.27244600394859,0.651530136931873
-1.04145125616066,-0.498669538993178,-0.774153895317946,-0.340001794611492,0.602513152261372,-0.190714560162789,0.134677806898466,0.814417069558483
-0.497473164954006,0.463045952599428,0.711945582669443,0.446482599184001,0.718749844741979,-0.536262747977146,0.310121700333398,2.57144524677178
0.0875426076437722,-0.665238992357007,-1.56703513234952,0.358566198894536,-0.073736361238039,-1.04132681700023,-0.62905644378253,0.163961683290203
1.78162183987961,0.602357883898766,1.07282382170156,1.56782581062399,0.964921248038268,0.418196612812665,1.89486358535907,0.934752552005085
1.31805215046143,0.179596732867458,0.43953382622045,-0.439517245508393,0.142547099242898,0.860472942188881,-0.189443589814516,-0.412278095666177
3.11899514983052,1.65683638029317,2.59322657802269,0.625828015388718,2.48824955726432,3.29044539871574,1.99267977445903,1.61402811433155
0.0648154768914283,-0.288193339645828,-0.647703591985451,-0.837414034841503,-1.5563072049893,-0.974373582249925,0.191092108190325,0.164385935390742
1.22523956928373,-0.332972294769221,0.879543965614717,0.489993893445784,0.308475699773484,1.64537982229985,-0.0599168173713971,1.00020402076135
1.72816099086285,1.02787238148451,1.5529877770473,1.47296481655743,2.34100918166242,0.592394723756925,1.53850577267074,0.371305838285354
-0.328785006701357,0.252096863004002,-0.347947803525727,-0.697085025766704,-0.378351224706773,-0.234080986044497,-0.315939090749607,0.166662893181749
-1.29818089600275,-1.91717950361658,-0.702394227500636,-1.26138862573617,-1.85138908936154,-0.768179058487543,-1.0494394270619,-1.49648467122351
-0.521473956506112,-1.10130207125654,-0.69783585993368,-1.95888746845504,-0.696243392834004,-0.984502286574255,-0.762843631372804,-0.201852594240701
1.03765456987844,-0.218050023957539,0.886608057866667,1.7215794807994,0.18840006172178,0.111427621042211,-0.15618537226877,0.0572845740477528
2.09312049463188,1.86304781742759,0.960810601372067,1.34279319568127,2.13768753967972,1.48879324192432,1.61303780005592,1.72990815663438
-0.637438496382203,0.425354644111461,0.675127431614089,0.558074253241118,-0.134993168836684,1.28227688909193,0.974749046374909,0.532265232045308
-2.1836666390258,-1.99705677270204,0.646568416789728,-2.8539877428084,-1.86076730879695,-0.826507801865316,-0.974946683572603,-0.308510133873212
0.355423789275436,-0.961160808126849,-0.0729181935519189,-0.701381426436612,0.409524390701697,-1.59590372494658,0.0816085064331057,0.118303653470221
-0.680217557014635,0.272160602785576,0.288458206968716,0.536683884083884,-0.199534900853518,-0.451922147721686,0.916282830278855,-0.719329607079373
-2.1500614939295,-1.33843910816614,-0.423346535231782,-0.576848258523184,-0.790317301098018,-1.22294410912009,-0.894000157246743,-2.04276979931487
0.91734037121751,0.202989461001252,1.66145727669675,0.821094774828631,0.820252849506475,0.978845498910871,0.953595399959789,0.341090060792686
-0.809809402373102,-2.09722667089412,-0.662738821870932,-0.909826632191829,-0.776680223255159,-2.79619703962789,-2.01061776359056,0.517050397444548
1.33482450210095,0.777034301189472,0.358222414360885,-1.09233847695999,0.760734514446809,-0.417850906877116,0.0229397565413904,0.719628705837349
0.0341075825691828,0.6733247773099,-0.724326121549657,-1.02336195750654,-0.300488054341234,0.245700166006051,0.0892607379946618,0.22901346593824
0.0749150408671661,-0.785204186094252,0.00161956590600965,-0.380645003529859,-1.27013856577931,0.3991362632464,-0.588121017115223,0.272868143705231
0.134671913329685,-0.20875012129622,-0.0514903240170298,-0.113588537000185,-0.253637310093265,0.0337115663889125,-0.463960204667599,0.931805025496451
0.232347649812141,0.0434798145003712,-1.30375715643402,-0.116868958037901,0.751759383099609,1.47822977841075,0.41598761585672,1.59067510038848
-1.82618248376475,1.46929621471477,-1.01670598873135,1.09037685569481,1.19551418957909,-1.56280334928934,1.35007100738651,1.02553143725409
0.306538266801866,0.192635670530869,-1.58638153249724,-1.52206000642781,0.323587692683755,0.0256370684526293,-1.12717817985617,0.965054466729673
-1.73826986956848,-2.61540585150224,0.0186422565655351,-2.11394430654752,-2.43153517097573,-1.31361882752694,-1.71466798164936,-0.169390044904887
-0.475690242041516,-1.39526233448673,-0.342044041952301,-0.0157114582708511,-0.905643592339929,-1.70005056884461,-0.773227523662162,0.403664510858119
-1.5348159479387,-2.5795246073282,-2.76585577097321,-0.509862162064984,-1.83394636567368,-1.38650663769448,-0.83829826440245,0.179480687114434
-0.444088526168341,0.537063357904353,0.824825754947826,-0.434617694989344,0.183196202136882,0.681203818008152,-0.431090055693664,-0.933981142322448
0.599131088637638,0.249246495182532,-0.0909888307740593,0.363019749521277,-0.961142102352352,0.756776275522285,-0.688232707120295,-0.764074838071353
0.323596401576455,-0.347848825927991,-0.0496921233832313,0.444179064962659,1.41849810033858,0.367364494762011,-0.582883784615277,-0.0554878960065452
1.00398861360235,-2.01848212909994,-1.51666456320538,-2.04947274091538,-1.21240517093892,-0.529663263408026,-1.15552452027126,-0.859672755755205
0.16446303088052,0.365723658848012,-1.34222018034603,-0.163037565308079,0.971916514197419,-1.05251119677907,0.524099718203689,1.36256676615598
1.09891888253855,-0.162949435896733,1.02860355108233,1.01288790487209,-0.867193036928574,0.033073558833892,0.404418360608543,0.631968325468849
0.34512693086739,0.427505394350709,-0.572033415027558,-0.79276185943527,-0.688677455821966,-0.146636785689326,-0.275539582623868,0.801064105882519
-0.470896215810906,0.0437274555668243,-0.174644297829538,0.257987803781393,0.493969931268932,0.0325269664081286,1.47855661806781,-0.29042045657965
-0.290157944404102,0.493802298308649,0.433363766050703,-0.8725559967546,-0.433881286609836,0.352291366390941,-0.472059348409501,0.1187013993856
1.60827291966558,1.57183573301574,1.14297946284124,1.25803475726293,2.27113334076824,0.653932401264324,0.951912069214663,0.503742901226755
0.191308682371618,0.231424758196666,-0.679061746375279,-1.11182503994714,-0.89603631890926,0.175631411675979,-0.675287795983339,-0.464043426785913
0.892435107035891,1.29989083055547,-0.0420204161523591,0.257608880485538,-1.08778844404914,0.642918540802965,-0.141238204643905,1.87103082628105
0.071766010414606,0.886358581668165,0.736702874148754,-0.0168926611673352,0.555913292336209,-0.434403487115026,1.06770406641226,0.745181003315179
0.144710295148339,-0.82175937776069,-1.65165923897948,-0.428811293384862,-1.11031330589204,-0.508772210408205,-1.21976046853225,-0.335427589593995
-0.770817426641654,-0.501805681513179,0.319140906384896,-0.00484634848666175,-0.0158140255195672,-1.21021204853913,0.676744852697988,0.030255122078297
-0.282761496903598,-0.76451791204052,0.134019459480795,0.321837650008739,-0.603474162268824,-0.487482025573824,-0.290843051619423,-0.510053048301411
2.26794657006622,0.428394997884316,0.805988541743927,1.1798996473402,0.218071282470345,0.894113363363743,0.643718609645056,0.385749541220562
1.04002325984581,0.629750785226495,0.310676704143783,0.682281084464046,0.0616428494060893,-0.384515909687462,0.0955327597609733,-0.527447095833928
0.612227546369394,-0.618349704042687,-1.39920861584818,-0.0622899437365334,-0.295311850992987,-0.0877562013698572,-0.22735736062188,-0.0177569953741764
0.343821873481517,0.625675521722537,-1.54660454974995,0.366829772358645,-0.734455594636091,0.0189993268686375,0.360107458229413,-0.560950487800188
